player_id,theta_mean,theta_sd,hdi_3%,hdi_97%,player_name,raw_avg,total_dropbacks,shrinkage_magnitude,season
698,68.54444299994138,2.3617651616768423,64.08187235747813,72.99825835261657,Tom Brady,69.6470588235294,755.0,1.1026158235880246,2022
2241,67.58366488360323,2.651789015691773,62.522204863715636,72.64070981825495,Aaron Rodgers,69.02941176470588,574.0,1.4457468811026501,2022
4317,62.208695048033874,2.8794375819279883,56.87995952417052,67.60635780430844,Matt Ryan,62.225,499.0,0.016304951966127135,2022
4332,60.44021695761712,3.923144202506268,53.054886572758285,67.77505701494206,Joe Flacco,59.3,197.0,1.1402169576171204,2022
4924,62.76384998264382,3.218259745574971,56.645146707535254,68.70165092651551,Matthew Stafford,65.86666666666666,332.0,3.102816684022841,2022
5214,62.36223039995611,6.054949811807509,50.901706247934364,73.81805218420676,Chase Daniel,41.4,7.0,20.962230399956113,2022
5277,63.60328670650734,6.1021863202728825,51.85684258658519,75.12143397153329,Brian Hoyer,63.7,7.0,0.09671329349266244,2022
5609,62.67567645866865,4.114484603463864,54.912395095748515,70.41734153063504,Colt McCoy,59.3,145.0,3.37567645866865,2022
6162,63.618091573908316,5.969400880969505,52.403801264969815,74.89558263582946,Blaine Gabbert,63.8,8.0,0.181908426091681,2022
6187,69.53369398699564,3.0436005058864497,63.756617511568884,75.35549001160712,Andy Dalton,71.15,403.0,1.6163060130043618,2022
6332,63.74226080536083,6.080086773114848,52.154097797374675,75.16199767201623,Tyrod Taylor,68.0,8.0,4.257739194639171,2022
7014,66.70487556519076,3.1596922292330945,60.77016977821902,72.6224012766075,Ryan Tannehill,67.24166666666666,358.0,0.5367911014758988,2022
7077,62.72434515248537,2.7035748685339547,57.58308606934127,67.73213718045344,Russell Wilson,64.28666666666666,538.0,1.562321514181292,2022
7089,57.25038895625804,5.349917191538417,46.86421656370406,67.00684167593367,Nick Foles,36.7,50.0,20.55038895625804,2022
7102,67.58524820453624,2.510570109117356,62.93592343231007,72.21082713034517,Kirk Cousins,69.44117647058823,689.0,1.8559282660519898,2022
7323,62.34195183838898,6.062126704628971,50.794160319244725,73.4485517952622,Case Keenum,28.6,5.0,33.74195183838898,2022
7820,67.9442420270709,2.5866548328540646,63.111786821657994,72.8705139426495,Geno Smith,69.50588235294117,618.0,1.5616403258702718,2022
8667,65.49673334776112,4.841080504563177,56.488377684642735,74.64913384118762,Teddy Bridgewater,66.5,82.0,1.003266652238878,2022
8671,63.24196916215714,2.738151590291633,58.160130594573936,68.38738534913291,Derek Carr,63.519999999999996,529.0,0.27803083784285576,2022
8697,65.12898009086129,3.30260744185299,58.86578431455172,71.23932015466802,Jimmy Garoppolo,68.0,326.0,2.8710199091387096,2022
9434,63.594189640979835,4.351326927260217,55.415968597729915,71.659800612902,Jameis Winston,64.7,126.0,1.1058103590201682,2022
9435,63.20201223497701,3.308607787021767,56.927496242202366,69.41690572993356,Marcus Mariota,63.54615384615385,328.0,0.3441416111768376,2022
9683,58.60011979575752,5.801308582618147,46.98103882085063,69.0049520901374,Trevor Siemian,33.1,27.0,25.50011979575752,2022
9896,57.098409510560984,3.5684522419663716,50.34084484686892,63.634850734221416,Taylor Heinicke,54.24444444444444,278.0,2.853965066116544,2022
10635,65.90103072445481,2.5851909465054357,61.034473756265236,70.82248543248117,Jared Goff,65.45294117647059,610.0,0.4480895479842246,2022
10636,61.38956642006393,3.4347756199394226,54.90426086552293,67.77004576346447,Carson Wentz,59.912499999999994,302.0,1.4770664200639345,2022
10725,69.42401420482221,3.1495724777312972,63.550831235251046,75.37466057505556,Jacoby Brissett,72.63636363636364,392.0,3.2123494315414263,2022
10769,65.54234471192157,2.9632574132788925,59.930240787826136,71.16014792249737,Dak Prescott,66.46666666666667,414.0,0.9243219547450963,2022
10841,63.40720249850673,5.92903861610472,51.95706239211215,74.33633005534236,Jeff Driskel,61.96666666666666,16.0,1.4405358318400658,2022
11765,74.05269321116502,2.541768640774342,69.38069081050782,78.91467610926851,Patrick Mahomes,76.24705882352941,674.0,2.1943656123643933,2022
11767,59.69337742907714,3.9721088421162714,52.16286596781829,67.03119293831124,Deshaun Watson,56.98333333333333,190.0,2.710044095743811,2022
11842,57.001347369903314,5.663066441535413,45.78422288199848,67.18592231882783,Davis Webb,33.8,40.0,23.201347369903317,2022
11859,63.157203915178485,5.8136758980237495,52.07693540228225,74.43589198447124,C.J. Beathard,58.2,9.0,4.957203915178482,2022
11890,62.64996521432385,5.000464682389779,53.058870354201545,71.92441071606405,Joshua Dobbs,62.4,74.0,0.24996521432385066,2022
11926,63.82970270254102,5.446103918417485,53.5729194252478,73.86087104442979,Nathan Peterman,66.55,25.0,2.720297297458977,2022
12134,63.347303809333496,4.533345558508688,54.71032523715277,72.00522372559816,P.J. Walker,59.400000000000006,113.0,3.9473038093334907,2022
12282,63.024184802625946,5.708560574460171,52.13918579130204,73.58236541653444,Nick Mullens,62.45,20.0,0.5741848026259433,2022
12324,60.727104256921216,4.070911328826308,52.94040836777411,68.26059611930117,Cooper Rush,59.24285714285714,168.0,1.4842471140640754,2022
13725,62.45723983375316,4.724848940358374,53.512167507405884,71.16501599345281,Jarrett Stidham,61.93333333333334,90.0,0.5239065004198196,2022
21956,61.985619545886934,5.947453580403712,50.46972312594371,72.88008573265198,Tim Boyle,35.2,8.0,26.78561954588693,2022
26152,52.42131540837896,5.256963132246506,42.05876947641639,61.953719101862745,Kyle Allen,32.900000000000006,83.0,19.521315408378953,2022
28022,73.49990180529394,2.578784615217534,68.67801693663337,78.39305358042486,Joe Burrow,76.06875,647.0,2.5688481947060495,2022
28237,68.13334512775087,2.437723755433111,63.605422281412245,72.78438909232642,Justin Herbert,69.92941176470588,737.0,1.796066636955004,2022
29048,62.72748691566611,4.139788187369665,54.92468130521794,70.4984452759941,Sam Darnold,61.63333333333333,150.0,1.0941535823327797,2022
32819,56.31126328186817,5.01590994145518,46.57353713849947,65.18821548057218,Trace McSorley,45.8,86.0,10.511263281868175,2022
35299,62.61947656874734,5.316194309999508,52.224165157534614,72.5688997480777,Bryce Perkins,62.150000000000006,39.0,0.4694765687473321,2022
38334,63.83631488809064,3.0537002104895685,58.094310085732644,69.6275144611667,Kyler Murray,64.08,414.0,0.2436851119093575,2022
39395,66.56617589816568,2.7974889955322566,61.40550237190277,71.89520747110801,Daniel Jones,68.21875,516.0,1.6525741018343183,2022
39987,62.30882513627011,6.037534150364551,50.5931024471869,73.49473996794742,Kyle Trask,43.1,9.0,19.208825136270107,2022
40291,70.75224441181109,2.7707507994118474,65.65903235809752,75.83353932018397,Jalen Hurts,73.38000000000001,498.0,2.6277555881889185,2022
40306,64.55160494090316,5.704315551334234,53.76577632880003,75.11197150842527,Jordan Love,70.6,14.0,6.048395059096833,2022
41401,60.611970884891825,4.827110741476527,51.33089645494978,69.68395606818241,Gardner Minshew,54.8,78.0,5.811970884891828,2022
46416,70.67917385407937,3.312491133722894,64.44688473471514,76.93421134548498,Lamar Jackson,72.76666666666667,352.0,2.0874928125873,2022
46440,61.34328003496079,5.810679335133722,49.80688241496115,72.15911391891184,Chris Streveler,41.0,15.0,20.34328003496079,2022
46444,62.295344650756306,6.181940307869085,50.26249435821492,73.63658675269306,Jacob Eason,29.2,5.0,33.0953446507563,2022
46448,61.319452218003526,4.377481246566451,52.99877302721374,69.3805618234003,Tyler Huntley,59.14,119.0,2.179452218003526,2022
46453,61.61867185933422,3.9897334078279028,54.032656367408755,69.12345765761403,Mike White,62.175,184.0,0.5563281406657765,2022
46454,57.07832305148392,5.276095531104366,46.729100774398866,66.7195823874204,John Wolford,43.4,69.0,13.678323051483922,2022
46487,58.51446094722621,4.742728378315891,49.275782257000714,67.18016957190463,Brett Rypien,49.825,96.0,8.689460947226209,2022
46508,60.59318634450392,5.194112688849162,50.236896806050794,70.06022147928184,David Blough,47.25,63.0,13.34318634450392,2022
46518,57.57695296953959,3.173086809637239,51.658490909982014,63.51227130303391,Baker Mayfield,54.675000000000004,371.0,2.901952969539586,2022
46601,73.83602910917446,2.6417761279912995,68.94667185249837,78.86293709850843,Josh Allen,77.45,600.0,3.6139708908255415,2022
52269,61.97801405295767,2.805048115755068,56.64281385856927,67.17728383633637,Davis Mills,61.333333333333336,510.0,0.6446807196243327,2022
55086,60.73935366110385,4.480997453739897,52.350002925837224,69.11419684728452,Desmond Ridder,57.925,124.0,2.8143536611038513,2022
60323,64.57855654908519,2.8286169164812245,59.1954492596038,69.78798264970733,Mac Jones,62.84285714285714,476.0,1.7356994062280506,2022
60326,68.66842592745135,3.056423010796886,63.03198111297749,74.50072207026473,Tua Tagovailoa,70.1,421.0,1.431574072548642,2022
60341,61.86942672737867,5.091072484848913,52.19907019600371,71.30280325908636,Malik Willis,55.166666666666664,59.0,6.702760060712009,2022
60396,64.07132080207313,4.521245334080891,55.56024583470049,72.32133724908543,Bailey Zappe,62.949999999999996,98.0,1.1213208020731358,2022
60417,64.00538404153008,4.578770814660765,55.24260602620587,72.51540482680811,Skylar Thompson,60.94000000000001,109.0,3.0653840415300664,2022
60515,66.68067882930616,3.06751618351096,60.939357363611094,72.6099645045115,Kenny Pickett,68.38333333333334,414.0,1.7026545040271799,2022
60555,60.67027645064654,4.56707178321894,51.80594558738308,69.12977507152496,Sam Ehlinger,59.35,115.0,1.3202764506465385,2022
77632,67.78408562403165,2.581099603893928,62.98352947845486,72.65445724879031,Trevor Lawrence,67.9235294117647,611.0,0.13944378773305743,2022
77672,67.09282178146493,3.9500629668281384,59.657993908534415,74.52485228404724,Brock Purdy,68.72857142857143,181.0,1.6357496471064934,2022
82096,56.27012971431862,3.741080585023442,49.206271399948136,63.109342369001055,Zach Wilson,51.01111111111111,265.0,5.259018603207508,2022
82118,64.87468463572058,3.090781236654763,59.01535705618234,70.58411777893042,Justin Fields,64.48666666666666,373.0,0.3880179690539194,2022
91399,61.760177929405806,5.583796752183868,50.95935737999021,72.01942192597065,Trey Lance,53.7,30.0,8.060177929405803,2022
97599,64.1455272826296,5.750880682148747,53.105329035756704,74.9525458169863,Sam Howell,68.5,22.0,4.354472717370399,2022
4332,66.95729827174492,3.961289199175646,59.749404440299365,74.47337996852357,Joe Flacco,68.28,212.0,1.3227017282550833,2023
4924,70.84652768143043,2.8188201132769994,65.68159362451696,76.11632451998187,Matthew Stafford,73.19333333333334,551.0,2.346805651902912,2023
5277,63.039598113975835,5.393924265782167,52.60506748454331,73.02242175079815,Brian Hoyer,58.55,43.0,4.489598113975838,2023
6162,65.20222163626336,5.366201414082561,54.94829091695428,75.32994448066131,Blaine Gabbert,54.550000000000004,36.0,10.652221636263356,2023
6187,69.51781395734861,5.069255521348459,60.06146829652319,79.33130653791646,Andy Dalton,80.3,61.0,10.78218604265139,2023
6332,67.21440997095496,3.9912174736841437,59.72564596171296,74.73172340894138,Tyrod Taylor,65.38571428571429,190.0,1.8286956852406746,2023
7014,65.1071206116639,3.6473458413353947,58.28814920956762,71.98736103709531,Ryan Tannehill,64.61111111111111,262.0,0.4960095005527876,2023
7077,68.35172256003577,2.98856694096953,62.691969089236395,73.97639673479246,Russell Wilson,69.32666666666667,492.0,0.9749441066309004,2023
7102,72.3789956156922,3.4803567912391626,65.94040073054128,78.93846873628937,Kirk Cousins,75.275,328.0,2.896004384307801,2023
7323,60.42277292659929,5.152099983517311,50.38383635007822,69.74728374631019,Case Keenum,48.2,59.0,12.22277292659929,2023
7820,70.17120717962366,2.8760584135668665,64.73051230932975,75.57462775085625,Geno Smith,71.42,530.0,1.2487928203763374,2023
8671,67.66607474558977,2.795557336196959,62.378051157941066,72.86874237368737,Derek Carr,68.75882352941177,579.0,1.0927487838220031,2023
8697,63.90473552454573,4.054416893265167,56.10791207483863,71.59032656907357,Jimmy Garoppolo,64.06666666666666,181.0,0.16193114212093462,2023
9434,65.1586637400585,5.305831392351856,55.09743544690232,75.0196515586213,Jameis Winston,54.400000000000006,48.0,10.758663740058495,2023
9435,65.24590761684084,5.6051396994860445,54.673437280249445,75.91250958264415,Marcus Mariota,64.7,23.0,0.5459076168408359,2023
9683,54.492091267701895,4.7190906888347515,45.301021018584336,63.08633623725912,Trevor Siemian,42.260000000000005,161.0,12.23209126770189,2023
9896,60.51780952649047,4.407989051606769,51.85502284160875,68.49485228414574,Taylor Heinicke,57.14,144.0,3.3778095264904664,2023
10635,70.03842473973613,2.6790055571095115,65.09955853472611,75.13917922849093,Jared Goff,72.58823529411765,635.0,2.549810554381523,2023
10636,67.54730829938715,5.657740934300062,56.93067329396534,78.10190061037932,Carson Wentz,80.8,26.0,13.252691700612843,2023
10725,66.7971167526343,5.648089734305929,56.24286766602034,77.49119395747859,Jacoby Brissett,78.4,23.0,11.60288324736571,2023
10769,72.58489160812107,2.6748187596765236,67.64024587128266,77.66250686390096,Dak Prescott,74.57058823529412,629.0,1.9856966271730556,2023
10841,65.48979322248665,5.514845143175604,55.02842756660614,75.76388957005126,Jeff Driskel,66.4,29.0,0.910206777513352,2023
11765,71.1830014045542,2.6586392323402936,66.22760052456464,76.21223134526748,Patrick Mahomes,72.98125,624.0,1.7982485954457985,2023
11767,65.85509075833397,4.061932153509045,58.25945984715993,73.72989752790893,Deshaun Watson,60.833333333333336,188.0,5.0217574250006365,2023
11859,66.03224776343923,5.118465463573148,56.2301940352345,75.67968061190531,C.J. Beathard,67.2,55.0,1.1677522365607729,2023
11890,63.4187929222926,3.0269969256000357,57.7862591776067,69.14071786439955,Joshua Dobbs,63.44615384615384,447.0,0.027360923861238007,2023
12134,54.724512731133366,4.932892627001629,45.21499698559643,63.65670353271915,P.J. Walker,40.425,121.0,14.299512731133369,2023
12282,62.098024590388,4.274464326887459,53.90063960478028,69.93653869100477,Nick Mullens,58.52,160.0,3.5780245903879973,2023
12324,65.00842112569934,5.939095328247889,53.46321529723674,76.03326957612076,Cooper Rush,59.0,9.0,6.008421125699343,2023
13725,62.448052144751095,5.00493658315855,52.9398955737199,71.55695866089853,Jarrett Stidham,56.15,73.0,6.298052144751097,2023
21956,64.72321067294688,4.858476550611878,55.48088462681814,73.82071461757386,Tim Boyle,62.03333333333334,86.0,2.6898773396135383,2023
28022,68.4215989614494,3.1764303176230495,62.51875821195084,74.39160073348937,Joe Burrow,68.36,389.0,0.061598961449405465,2023
28237,71.35070182376566,2.9968766092981243,65.83029058452422,77.08263896365561,Justin Herbert,72.91538461538461,485.0,1.5646827916189494,2023
29048,65.69654586922587,5.24006316035764,55.80359834169966,75.47872611326002,Sam Darnold,64.45,45.0,1.2465458692258693,2023
29466,64.99635448198238,3.8889415461271644,57.586287560829476,72.23388163483688,Easton Stick,62.660000000000004,188.0,2.336354481982376,2023
38334,65.43618133597208,3.6006125176692048,58.550510198262685,72.25812246690504,Kyler Murray,67.2375,286.0,1.8013186640279173,2023
39395,62.80730419387253,4.088096421430371,54.901822033520915,70.42378434772007,Daniel Jones,59.73333333333333,190.0,3.0739708605392053,2023
39517,64.61624030717368,4.921140413620161,55.34261275102742,73.85899421972267,Drew Lock,56.15,82.0,8.466240307173685,2023
40291,71.05698850762032,2.8128290104252436,65.80560590771125,76.448805747253,Jalen Hurts,72.90588235294118,574.0,1.848893845320859,2023
40306,69.85913372706689,2.6527256804917023,64.97804176262397,74.91309397733349,Jordan Love,71.45882352941176,609.0,1.5996898023448693,2023
41401,61.580136554068815,2.8700076489409443,56.18700845354536,66.9271228442796,Gardner Minshew,62.75333333333333,522.0,1.173196779264515,2023
46401,68.95744240527434,3.701408325403022,62.1381745253382,75.99009467163782,Jake Browning,71.7,266.0,2.7425575947256675,2023
46416,72.0542326378763,3.0054690178642773,66.44468726478824,77.70039697940217,Lamar Jackson,74.5125,494.0,2.4582673621237063,2023
46448,65.05120954384024,5.340189012677785,54.813221550499,75.00862828515366,Tyler Huntley,58.849999999999994,39.0,6.20120954384025,2023
46487,62.35762342201907,5.344033302600002,52.13841567173864,72.00094630664485,Brett Rypien,47.1,40.0,15.257623422019066,2023
46517,64.07578360646986,6.104752299467677,52.35040874951608,75.39329747167885,Logan Woodside,24.8,5.0,39.27578360646986,2023
46518,66.90122219793516,2.6896000822176043,61.8889004613684,71.92772457047745,Baker Mayfield,67.34117647058824,606.0,0.4399542726530825,2023
46569,65.20175339952571,4.926220363344493,55.767173735167354,74.55328017564335,Mason Rudolph,64.0,76.0,1.201753399525714,2023
46601,73.78282276908458,2.8099117827879314,68.526956137044,79.11562711193083,Josh Allen,75.77058823529411,603.0,1.987765466209538,2023
52269,62.09385701815572,5.49825607019417,51.41292951541031,72.18630671716868,Davis Mills,51.3,38.0,10.79385701815572,2023
55086,58.206870552353834,3.2368097898869266,52.04879947176681,64.3318992700069,Desmond Ridder,56.371428571428574,415.0,1.8354419809252605,2023
60323,60.48513169060175,3.3611457449374487,54.14249883926769,66.82672653731741,Mac Jones,54.67272727272727,367.0,5.812404417874475,2023
60326,71.79614574867716,2.773811085229385,66.58979530827837,77.03486720844626,Tua Tagovailoa,74.15294117647058,589.0,2.356795427793415,2023
60341,64.39300010608918,6.038516575895934,52.59315681426388,75.54675811455002,Malik Willis,48.5,9.0,15.893000106089175,2023
60396,61.2342308725475,3.867182125188527,53.88038490286933,68.450021000114,Bailey Zappe,54.830000000000005,237.0,6.404230872547494,2023
60515,64.9778673043566,3.3979599647311582,58.56178821478324,71.3643738959095,Kenny Pickett,65.3,347.0,0.3221326956434041,2023
60516,63.95020263052794,3.3061098477690196,57.57448267681001,70.02644780067023,Aidan O'Connell,62.66363636363636,367.0,1.2865662668915832,2023
60545,63.06824673740848,3.8312395629719522,55.771554531834774,70.12459893119879,Tommy DeVito,60.9625,212.0,2.105746737408481,2023
77632,68.70198745607354,2.7050113654510146,63.70806258457655,73.79892740058139,Trevor Lawrence,70.1875,599.0,1.4855125439264611,2023
77652,59.99507263697389,5.8088808795641045,48.58496660707933,70.53368392031909,Clayton Tune,28.8,27.0,31.195072636973887,2023
77672,71.70190164293352,3.0300803697801215,66.06262984439219,77.34504220643797,Brock Purdy,74.71875,472.0,3.016848357066479,2023
82094,64.61117910259239,5.570989908205291,53.83410623268631,75.15423866356667,Jaren Hall,62.26666666666667,24.0,2.344512435925715,2023
82096,61.01805027329523,3.093199535626063,55.12377114353847,66.69782543705895,Zach Wilson,56.90833333333333,414.0,4.109716939961899,2023
82118,66.73251912795507,3.1188270936843128,60.791454201116274,72.56352366263708,Justin Fields,67.23846153846154,414.0,0.5059424105064636,2023
83542,63.402980390075335,3.6189326424148702,56.56705510483634,70.16555234104258,Will Levis,60.233333333333334,283.0,3.1696470567420008,2023
83574,59.759242564788586,4.722793066546437,50.81189128886036,68.34708254945669,Dorian Thompson-Robinson,52.03333333333333,113.0,7.725909231455255,2023
97599,61.18191320907742,2.6379745410953235,56.27145632934844,66.16659022417663,Sam Howell,59.129411764705885,677.0,2.0525014443715364,2023
123943,59.4332012915155,2.794851855377809,54.0525879161326,64.74305870313869,Bryce Young,58.3875,589.0,1.045701291515499,2023
124393,61.09956888866674,4.817779835418244,51.89728856521962,69.92418614652036,Anthony Richardson,56.7,91.0,4.399568888666735,2023
129759,70.29535614316144,2.827099477979191,65.0432898041203,75.68441719083036,C.J. Stroud,71.25333333333333,537.0,0.9579771901718885,2023
169628,62.18379994345538,4.305841596984044,54.008174038246295,69.95843950902112,Tyson Bagent,58.96,148.0,3.2237999434553757,2023
2241,67.6685772045826,2.5576488477652237,62.91688056964834,72.45559654217783,Aaron Rodgers,68.67647058823529,624.0,1.0078933836526858,2024
4332,67.54507296626657,3.3573549381668872,61.238350166864166,73.87362162143397,Joe Flacco,66.2,266.0,1.3450729662665708,2024
4924,66.368168501316,2.6426686564440858,61.36169626704715,71.3004393480558,Matthew Stafford,66.875,545.0,0.5068314986839937,2024
6187,66.45058368105563,3.7899500910083237,59.07031939351134,73.57443554738876,Andy Dalton,63.82000000000001,166.0,2.630583681055626,2024
6332,67.18787213157012,4.998998341472122,57.640162189556186,76.55924570781123,Tyrod Taylor,71.0,22.0,3.812127868429883,2024
7077,68.39497485427054,2.9951634631859494,62.70561128597023,74.0538014433809,Russell Wilson,69.53636363636363,369.0,1.1413887820930881,2024
7102,67.5698224137422,2.7831570044931073,62.37167948498117,72.77666219133015,Kirk Cousins,67.2,481.0,0.3698224137421988,2024
7820,70.29200878170097,2.474382090737082,65.73557663161007,74.97986582483804,Geno Smith,71.54117647058824,628.0,1.249167688887269,2024
8671,70.7768590120849,3.333234169215693,64.65660848277307,77.1285960130053,Derek Carr,74.58,287.0,3.8031409879151,2024
8697,67.41881915575402,4.7883996902721595,58.21589362427001,76.31663495981616,Jimmy Garoppolo,70.8,44.0,3.381180844245975,2024
9434,66.77878043957972,3.1765783690382565,60.8595445783109,72.6731870231781,Jameis Winston,68.35,319.0,1.5712195604202748,2024
9435,70.71029076702641,4.90472207128193,61.58518420862477,80.4071257137245,Marcus Mariota,88.4,44.0,17.6897092329736,2024
9896,66.61629247830822,5.188445236843733,56.716917699560966,76.24728433190035,Taylor Heinicke,66.0,5.0,0.6162924783082246,2024
10635,68.96708003634907,2.589072183304541,64.10391331414665,73.77661267589808,Jared Goff,71.22941176470589,570.0,2.2623317283568127,2024
10636,64.37269305259089,5.10450981400083,54.35996781258796,73.50670070795752,Carson Wentz,44.3,21.0,20.072693052590893,2024
10725,62.99510575746716,3.754069755359192,55.79440157239247,69.87109027962772,Jacoby Brissett,59.9,177.0,3.0951057574671594,2024
10769,65.37535136736382,3.2442302901354583,59.26487281518896,71.40302427451392,Dak Prescott,65.475,307.0,0.09964863263617474,2024
10835,64.02073422776067,4.843090909159031,54.493592805556574,72.77765674932253,Brandon Allen,47.8,31.0,16.220734227760673,2024
11765,71.57556611635907,2.5064448963696115,66.8791133201068,76.29558783422272,Patrick Mahomes,73.025,617.0,1.4494338836409355,2024
11767,63.60214155301539,3.4801564641626794,56.74351703346176,70.03719282109454,Deshaun Watson,62.38571428571429,249.0,1.2164272673010998,2024
11890,63.81620853987428,4.976381584346898,54.218913395359415,72.93555028264456,Joshua Dobbs,51.5,45.0,12.316208539874282,2024
12324,60.208818838659234,3.265116762920916,54.005582795462146,66.21396149738385,Cooper Rush,54.56,318.0,5.648818838659231,2024
21956,64.385478600998,4.820820025337674,54.98918668840986,73.24195346280699,Tim Boyle,56.800000000000004,52.0,7.585478600997995,2024
28022,77.34350676840279,2.596155479204413,72.41836220545052,82.24799769459462,Joe Burrow,79.88235294117646,700.0,2.538846172773674,2024
28237,73.54378846981712,2.6903164650227374,68.44186999754706,78.61255997147123,Justin Herbert,75.03529411764706,545.0,1.491505647829939,2024
29048,69.8778032228472,2.586486369338043,64.99652893305488,74.78531159655414,Sam Darnold,71.80588235294118,593.0,1.9280791300939768,2024
38334,69.33580093388268,2.6553191492046397,64.34962224820117,74.40353943360763,Kyler Murray,70.34117647058824,571.0,1.0053755367055572,2024
39395,66.23087720985664,3.0454873065474373,60.47781775889783,71.92130871277841,Daniel Jones,66.85,370.0,0.6191227901433507,2024
39517,61.40363389342523,3.857673711801227,54.1418558517751,68.51918305099574,Drew Lock,54.51666666666667,192.0,6.886967226758557,2024
40291,67.31807902797571,2.899062006080168,61.834512055686595,72.70499665484014,Jalen Hurts,69.3,395.0,1.9819209720242839,2024
40306,68.22989868176461,2.832693429303034,62.88876635350549,73.55078490603331,Jordan Love,68.94,439.0,0.7101013182353881,2024
41401,63.04031582479043,3.1921262196581193,56.89740330618974,68.93382766035135,Gardner Minshew,60.48,335.0,2.560315824790436,2024
46416,75.57526431356769,2.857861534970179,70.2416667221778,81.04147444715088,Lamar Jackson,81.29411764705883,497.0,5.71885333349114,2024
46448,65.42168740495723,3.8539831365395423,58.13739987222059,72.52033731586288,Tyler Huntley,66.08,148.0,0.6583125950427728,2024
46453,65.45785192262674,5.209116574460258,55.50138227618882,75.00515680262784,Mike White,45.8,11.0,19.657851922626747,2024
46518,70.20560716402011,2.5423181480277393,65.46445601467913,75.02388074362958,Baker Mayfield,72.02941176470588,610.0,1.8238046006857758,2024
46569,63.683971540255705,3.5123372553904946,56.85277396362229,70.18954516366944,Mason Rudolph,62.4125,239.0,1.2714715402557033,2024
46601,74.04204040006067,2.808673019974133,68.83935082199226,79.22275643619493,Josh Allen,76.8875,497.0,2.845459599939332,2024
52269,66.4941644292317,4.896441834324072,57.3871890767887,75.66142535761999,Davis Mills,65.4,36.0,1.0941644292316965,2024
55086,61.49966250176356,4.486825190169821,52.656456199280264,69.79727953122175,Desmond Ridder,46.6,93.0,14.899662501763558,2024
60323,64.91729227969915,3.3915337676891806,58.464291239256134,71.28059235124802,Mac Jones,60.77777777777778,274.0,4.139514501921376,2024
60326,66.02081671884376,2.912217545166992,60.528339933988555,71.3899369152547,Tua Tagovailoa,65.25454545454545,420.0,0.7662712642983109,2024
60341,66.41993000858973,4.557849566351953,57.70093579650661,75.00578530723479,Malik Willis,67.2,58.0,0.7800699914102722,2024
60396,62.95712422727573,5.005255455231418,53.046031734093745,72.0129754325106,Bailey Zappe,41.0,32.0,21.957124227275727,2024
60417,62.6597741045293,5.134357868313643,52.48835652490312,71.88910636334573,Skylar Thompson,43.5,39.0,19.159774104529298,2024
60515,66.25708508374699,4.774443049249666,56.88646388008442,75.14436784665575,Kenny Pickett,67.7,42.0,1.4429149162530166,2024
60516,63.34352254820779,3.4775511385562847,56.746995036518264,69.80493667088624,Aidan O'Connell,59.78888888888889,253.0,3.5546336593188954,2024
60545,63.62497880818194,4.884674675379568,54.03487899188852,72.60430342591405,Tommy DeVito,53.25,50.0,10.374978808181943,2024
60596,65.64442567020063,4.857626896042428,56.52761059253907,74.63307123818457,Jake Haener,57.199999999999996,39.0,8.444425670200637,2024
77632,68.61392061390481,3.1931000766769175,62.65290592316074,74.71289364074067,Trevor Lawrence,68.16,302.0,0.4539206139048133,2024
77672,69.60883764613298,2.810490437908962,64.30721893550066,74.85988406176591,Brock Purdy,70.83999999999999,486.0,1.2311623538670062,2024
82118,67.14598910683213,3.797305340578522,59.95117963083329,74.29327412837891,Justin Fields,67.68333333333334,176.0,0.5373442265012045,2024
83542,61.72313449547548,3.2478173044916514,55.54428341841912,67.76349828934026,Will Levis,56.93636363636363,338.0,4.786770859111847,2024
83574,61.80648342439537,4.216315441244206,53.60579225221772,69.60652147953272,Dorian Thompson-Robinson,54.0,121.0,7.806483424395367,2024
91399,66.49847989071495,4.660162304970485,57.69695251481637,75.26059563796615,Trey Lance,61.8,44.0,4.69847989071495,2024
97408,60.167642167664646,3.5978345638405314,53.31954552577635,66.96333737847756,Spencer Rattler,56.18571428571429,250.0,3.981927881950355,2024
97599,63.1214891163361,5.2390667087654474,52.70962101281309,72.6534372113162,Sam Howell,26.9,18.0,36.2214891163361,2024
97790,67.77744257307265,2.577904322282262,62.94041841929195,72.58587343933218,Bo Nix,68.18823529411765,591.0,0.41079272104499864,2024
97993,72.29008377769253,2.7047308402447885,67.29067983825757,77.47619943502909,Jayden Daniels,73.925,525.0,1.6349162223074671,2024
123943,67.03580017020128,2.924847741796943,61.64420676131955,72.52600403244018,Bryce Young,67.8923076923077,411.0,0.856507522106412,2024
124393,63.30939691670638,3.4061294570096643,56.76332781807041,69.66882908390745,Anthony Richardson,62.029999999999994,274.0,1.2793969167063892,2024
129759,68.86091724358869,2.576131901005868,64.01950904190733,73.77861493191261,C.J. Stroud,70.25294117647059,584.0,1.392023932881898,2024
131770,66.28058972200652,4.8230651749186295,56.95525572193197,75.46053905233063,Tanner McKee,64.8,43.0,1.4805897220065276,2024
143969,65.64901589149389,3.07324839143666,59.79526179679961,71.33688155316271,Drake Maye,66.77499999999999,370.0,1.1259841085061026,2024
144622,64.28917777421688,2.528348508327619,59.57608048185678,69.01823345189132,Caleb Williams,63.45882352941176,630.0,0.8303542448051218,2024
