player_id,theta_mean,theta_sd,hdi_3%,hdi_97%
46601,75.42840811641776,1.7286367854161833,72.21177964348729,78.6800677058392
28022,75.33357180713801,1.6693059868422084,72.17130883805837,78.48743001075893
46416,74.7048295036524,1.941000649529583,71.06556404782101,78.31313585018593
11765,73.41433690027347,1.6504792751916486,70.31726396118042,76.51531590485585
97993,72.06916781080206,2.861841081086042,66.77808983370107,77.60384597900598
28237,71.74869057559167,1.6986348214240674,68.52665054633641,74.98475285740864
77672,71.06295204805994,2.0731584081205,67.1895946470005,74.97678874017281
40291,70.72731964222889,1.8671073363536634,67.1957956650867,74.19451414926057
7820,70.13798031287166,1.6947467922879589,66.9320901281064,73.363657608204
129759,69.87555096571651,2.0701876592842035,65.9542582741025,73.83714229108773
